" The customer does not exist in the system anymore.","這個客戶在系統中不再存在"
" [deleted]"," [已經刪除]"
" and ","以及"
"%s (Default Template from Locale)","%s (預設的樣板)"
"%s cache type(s) disabled.","%s 停用快取"
"%s cache type(s) enabled.","%s 啟動快取"
"%s cache type(s) refreshed.","%s 更新快取"
"(For Type ""Local Server"" need to use relative path to Magento install var/export or var/import, e.g. var/export, var/import, var/export/some/dir, var/import/some/dir)","(在 ""本地伺服器"" 類型需要使用相對路徑 var/export 或 var/import ，例如 var/export, var/import, var/export/some/dir, var/import/some/dir)"
"(For US 2-letter state names)","(2個字母的州名(適用於美國))"
"(If left empty will be auto-generated)","(如果空白將自動產生)"
"(Leave empty for first spreadsheet)","(空白表示第一個試算表)"
"(Products will be added/updated to this store if 'store' column is blank or missing in the import file.)","(如果匯入檔案中'商店'欄位空白或者缺少，產品將被新增/更新到該商店。)"
"(Shift-)Click or drag to change value","(Shift-)點選或者拖曳以變更取值"
"(Starting with)","(開頭)"
"(When 'No', only mapped fields will be imported. When mapping, use 'column1', 'column2', etc.)","(為'否'時，僅匯入對應字串。當對應時，用'column1'、'column2'等。)"
"(You have to increase php memory_limit before changing this value)","（編輯該值之前您必須先新增php 的memory_limit 設定值）"
"(\\t for tab)","(\\t 為跳位符號)"
"* - If indexing is in progress, it will be killed and new indexing process will start.","* - 如果有其他索引程序進行中，它會先被中止，然後開始新的索引程序"
"* Required Fields","* 必填欄位"
"- Click on any of the time parts to increase it","- 點選時間任意部分可以使其遞增"
"- Hold mouse button on any of the above buttons for faster selection.","- 在上述按鈕上長按滑鼠以快速選擇"
"- Use the %s buttons to select month","- 使用 %s 按鈕選擇月份"
"- Use the %s, %s buttons to select year","- 使用 %s, %s 按鈕選擇年份"
"- or Shift-click to decrease it","- 或者按住 Shift 並點選使其遞減"
"- or click and drag for faster selection.","- 或者點選並拖曳以快速選擇"
"-- Not Selected --","-- 沒有被選擇過 --"
"-- Please Select --","-- 請選擇 --"
"-- Please Select Billing Agreement--","-- 請選擇付款協議--"
"-- Please Select a Category --","-- 請選擇一個分類 --"
"-- Please select --","-- 請選擇 --"
"--Please Select--","--請選擇--"
"1 Hour","1 小時"
"12 Hours","12 小時"
"12h AM/PM","12小時 AM/PM"
"2 Hours","2 小時"
"24 Hours","24 小時"
"24h","24小時"
"2YTD","去年開始"
"6 Hours","6 小時"
"<h1 class=""page-heading"">404 Error</h1><p>Page not found.</p>","<h1 class=""page-heading"">404 錯誤</h1><p>沒找到頁面。 </p>"
"<strong>%s</strong> requests access to your account","<strong>%s</strong> 請求能夠存取您的帳號"
"<strong>Attention</strong>: Captcha is case sensitive.","<strong>注意</strong>：文字有區分大小寫"
"A user with the same user name or email aleady exists.","一個會員的帳號或者e-mail已經存在"
"API Key","API 金鑰"
"API Key Confirmation","API 金鑰確認"
"ASCII","ASCII"
"Abandoned Carts","已經放棄的購物車"
"About the calendar","關於日曆"
"Access Denied","訪問被拒絕"
"Access denied","拒絕訪問"
"Access denied.","拒絕訪問"
"Account Created in:","帳號建立於："
"Account Created on (%s):","帳號建立於 (%s):"
"Account Created on:","帳號建立日期："
"Account Information","帳號資訊"
"Account Status","帳號狀態"
"Account status","帳號狀態"
"Action","操作"
"Actions","操作"
"Actions XML","操作 XML"
"Active","啟用"
"Add","新增"
"Add Exception","新增例外"
"Add Field Mapping","新增欄位對應"
"Add Field with URL:","新增網址欄："
"Add New","新增"
"Add New Image","新增圖片"
"Add New Profile","新增配置檔案"
"Add New Role","新增角色"
"Add New Template","新增樣板"
"Add New URL Rewrite","新增的替代網址"
"Add New User","新增使用者"
"Add New Variable","新增變數"
"Add Products","新增產品"
"Add URL Rewrite","增加替代網址"
"Add URL Rewrite for a Category","增加分類替代網址"
"Add URL Rewrite for a Product","增加產品替代網址"
"Add after","在此後新增"
"Additional Cache Management","增加額外的快取管理"
"Address Type:","地址類型："
"Admin","管理員"
"Advanced Admin Section","進階管理員區"
"Advanced Profiles","進階配置檔案"
"Advanced Section","進階區"
"After authorization application will have access to you account.","在授權後應用程式就可以存取您的帳號"
"All","所有"
"All Allowed Countries","所有允許國家"
"All Cache","所有快取"
"All Files","所有檔案"
"All Reviews","所有評論"
"All Store Views","所有商店介面"
"All Tags","所有標籤"
"All Websites","所有網站"
"All countries","所有國家"
"All fields","所有欄位"
"All possible rates were fetched, please click on ""Save"" to apply","所有可能的匯率都下載了，請點選 ""儲存"" 來套用"
"All rates were fetched, please click on ""Save"" to apply","所有匯率都下載了，請點選 ""儲存"" 來套用"
"All valid rates have been saved.","成功儲存所有有效的匯率"
"Always (during development)","總是（在開發中）"
"Amounts","金額"
"An error has occured while syncronizing media storages.","同步多媒體檔案時發生錯誤"
"An error occurred while clearing the JavaScript/CSS cache.","清除javascript/css快取時發生錯誤"
"An error occurred while clearing the image cache.","清除圖片快取時發生錯誤"
"An error occurred while deleting URL Rewrite.","刪除替代網址時發生錯誤"
"An error occurred while deleting email template data. Please review log and try again.","刪除信件樣板資料時發生錯誤,請查看記錄檔案並再次嘗試"
"An error occurred while deleting record(s).","刪除資料時發生錯誤"
"An error occurred while deleting this role.","刪除角色時發生錯誤"
"An error occurred while deleting this set.","刪除這個集合時發生錯誤"
"An error occurred while deleting this template.","刪除這個樣板時發生錯誤"
"An error occurred while finishing process. Please refresh the cache","結束程序時發生錯誤,請更新快取"
"An error occurred while rebuilding the CatalogInventory Stock Status.","重建目錄庫存狀態時發生錯誤"
"An error occurred while rebuilding the catalog index.","重建目錄索引時發生錯誤"
"An error occurred while rebuilding the flat catalog category.","重建flat catalog category時發生錯誤"
"An error occurred while rebuilding the flat product catalog.","重建flat product catalog時發生錯誤"
"An error occurred while rebuilding the search index.","重建搜尋索引時發生錯誤"
"An error occurred while refreshing the Catalog Rewrites.","重建目錄改寫時發生錯誤"
"An error occurred while refreshing the Layered Navigation indices.","重建階層導覽索引時發生錯誤"
"An error occurred while refreshing the catalog rewrites.","重建目錄改寫時發生錯誤"
"An error occurred while refreshing the layered navigation indices.","重建階層導覽時發生錯誤"
"An error occurred while saving URL Rewrite.","儲存替代網址時發生錯誤"
"An error occurred while saving account.","儲存帳號時發生錯誤"
"An error occurred while saving review.","儲存評論時發生錯誤"
"An error occurred while saving the customer.","儲存客戶時發生錯誤"
"An error occurred while saving this configuration:","儲存這個設定時發生錯誤:"
"An error occurred while saving this role.","儲存這個角色時發生錯誤"
"An error occurred while saving this template.","儲存這個樣板時發生錯誤"
"An error occurred while updating the selected review(s).","更新選擇的評論時發生錯誤"
"Any","任意"
"Any Attribute Set","任意屬性集"
"Any Group","任意群組"
"Any Status","任意狀態"
"Any Store","任意商店"
"Any Type","任意類型"
"Any Visibility","任意可見性"
"Any data created since the backup was made will be lost including admin users, customers and orders.","任何在備份產生後建立的資料都會遺失，包括管理者、客戶與訂單。"
"Archive file name:","歸檔檔案名稱："
"Are you sure that you want to delete this template?","您確認要刪除這個樣板嗎？"
"Are you sure that you want to strip tags?","您確認要刪除標籤嗎？"
"Are you sure you want to do this?","您確認要這麼做嗎？"
"Are you sure you want to proceed?","您確定要繼續？"
"Area","區域"
"As low as:","最低:"
"Assigned","指定"
"Associated Tags","相關標籤"
"Attribute Set Name:","屬性集名稱："
"Attributes","屬性"
"Authorization confirmed","授權已確認"
"Authorize","授權"
"Authorize application","授權應用"
"Authorized OAuth Tokens","授權的 OAuth 權杖"
"Automatic (equalize price ranges)","自動（均衡價格範圍）"
"Automatic (equalize product counts)","自動（均衡產品數量）"
"Average Order Amount","平均訂單金額"
"Average Orders","平均訂單金額"
"BINARY","二進製"
"Back","返回"
"Back to Login","返回登入"
"Backup","備份"
"Backup Name","備份名稱"
"Backup options","備份選項"
"Backups","備份"
"Base currency","基礎貨幣"
"Bcc","密件副本"
"Bestsellers","暢銷產品"
"Billing Address","帳單地址"
"Billing Address: ","帳單地址"
"Billing Agreement","付款協議"
"Billing Agreements","付款協議"
"Block Information","區塊資訊"
"Both (without and with tax)","同時 (無論是否含稅)"
"Both IPN and PDT","IPN 和 PDT"
"Browse Files...","瀏覽檔案.."
"Bundle with dynamic pricing cannot include custom defined options. Options will not be saved.","具有動態價格的包裹不能含有自定選項。選項不會被儲存"
"CMS","CMS"
"CRITICAL","重要"
"CSV","CSV"
"CSV / Tab separated","CSV/Tab 分隔"
"Cache Control","快取管理"
"Cache Control (beta)","快取管理 (beta)"
"Cache Management","快取管理"
"Cache Type","快取類型"
"Cancel","取消"
"Cannot add new comment.","無法新增評論"
"Cannot add tracking number.","無法新增運單號"
"Cannot create an invoice without products.","不能建立這個產品的發票"
"Cannot create credit memo for the order.","無法為此訂單建立折讓單"
"Cannot delete the design change.","不能刪除設計更改"
"Cannot delete tracking number.","不能刪除追蹤號"
"Cannot do shipment for the order separately from invoice.","無法單獨根據發票為訂單產生運輸"
"Cannot do shipment for the order.","無法為此訂單做運輸"
"Cannot initialize shipment for adding tracking number.","無法為增加訂單編號產生運輸"
"Cannot initialize shipment for delete tracking number.","無法為刪除訂單編號產生運輸"
"Cannot load track with retrieving identifier.","無法使用獲得的標誌符載入追蹤記錄"
"Cannot retrieve tracking number detail.","無法取得訂單編號詳細資料"
"Cannot save shipment.","無法儲存運輸"
"Cannot save the credit memo.","不能儲存折讓單"
"Cannot send shipment information.","無法發送運輸資料"
"Cannot update item quantity.","不能更新產品數量"
"Cannot update the item\'s quantity.","不能更新產品總數量"
"Catalog","目錄"
"Catalog Price Rules","目錄價格規則"
"Catalog Rewrites","目錄改寫"
"Categories","分類"
"Category","分類"
"Category:","分類："
"Chart is disabled. If you want to enable chart, click <a href=""%s"">here</a>.","圖表已經停用，要啟用它請點選 <a href=""%s"">這裡</a>"
"Checkbox","複選框"
"Child Transactions","相關交易"
"Choose Store View:","選擇商店顯示："
"Choose an attribute","選擇屬性"
"Chosen category does not associated with any website, so url rewrite is not possible.","選擇的類別沒有歸屬到任何網站，所以替代網址無法使用"
"Chosen product does not associated with any website, so url rewrite is not possible.","選擇的產品沒有歸屬到任何網站，所以替代網址無法使用"
"Clear","清除"
"Close","關閉"
"Comment text field cannot be empty.","評論內容不能空白白"
"Complete","完成"
"Config form fieldset clone model required to be able to clone fields","配置形式的fieldset克隆模式能夠克隆領域"
"Configuration","設定"
"Confirm New Password","確認新密碼"
"Confirm token authorization Pop Up for admin","已彈出視窗確認管理者認證狀態"
"Confirm token authorization for admin","確認管理者認證狀態"
"Confirmation Of Authorization","授權確認"
"Confirmed email:","已驗證的信箱："
"Connect with the Magento Community","連接Magento社群"
"Continue","繼續"
"Convert to Plain Text","轉換為文字"
"Cookie (unsafe)","Cookie (不安全)"
"Country","國家"
"Country:","國家："
"Coupons","優惠券"
"Create","建立"
"Create DB Backup","建立資料庫備份"
"Create New Attribute","建立新的屬性"
"Create URL Rewrite:","建立替代網址"
"Created At","建立於"
"Credit Card %s","信用卡 %s"
"Credit Memo History","折讓單記錄"
"Credit Memo Totals","折讓單總計"
"Credit Memos","折讓單"
"Credit memo #%s comment added","折讓單 #%s 增加註釋"
"Credit memo #%s created","折讓單 #%s 建立"
"Credit memo\'s total must be positive.","折讓單總數必須是正數"
"Currency","貨幣"
"Currency ""%s"" is used as %s in %s.","貨幣 ""%s"" 備用作 %s ，在 %s"
"Currency Information","貨幣資訊"
"Currency Setup Section","貨幣設定區"
"Current Configuration Scope:","目前設定範圍："
"Current Month","本月"
"Custom","自訂"
"Custom Variable ""%s""","客戶自訂變數 ""%s"""
"Custom Variables","自訂變數"
"Customer","客戶"
"Customer Group:","客戶群組："
"Customer Groups","客戶群組"
"Customer Name","客戶姓名"
"Customer Reviews","客戶評論"
"Customer Shopping Carts","客戶購物車"
"Customer Since:","註冊日期："
"Customer Tax Classes","客戶稅類型"
"Customer with the same email already exists.","已有相同信箱的客戶"
"Customers","客戶"
"Customers by Number of Orders","訂單數量排序"
"Customers by Orders Total","訂單金額排序"
"DHTML Date/Time Selector","動態 HTML 日期/時間選擇器"
"Dashboard","首頁"
"Data Format","資料格式"
"Data transfer:","資料傳送："
"Database","資料庫"
"Dataflow - Advanced Profiles","資料流 - 進階配置"
"Dataflow - Profiles","資料流 - 設置"
"Date","日期"
"Date & Time","日期和時間"
"Date Added","新增日期"
"Date Updated","更新日期"
"Date selection:","日期選擇："
"Date selector","選擇日期"
"Day","天"
"Decimal separator:","小數分隔符號"
"Default (Admin) Values","預設(管理)值"
"Default Billing Address","預設帳單地址"
"Default Config","預設設定"
"Default Template from Locale","介面的預設模版"
"Default Values","預設值"
"Default display currency ""%s"" is not available in allowed currencies.","預設顯示貨幣 ""%s"" 不在允許貨幣列表中"
"Default scope","預設範圍"
"Delete","刪除"
"Delete %s","刪除 %s"
"Delete %s '%s'","刪除 %s '%s'"
"Delete File","刪除檔案"
"Delete Image","刪除圖片"
"Delete Profile","刪除配置檔案"
"Delete Role","刪除角色"
"Delete Store","刪除商店"
"Delete Store View","刪除商店介面"
"Delete Template","刪除樣板"
"Delete User","刪除使用者"
"Delete Website","刪除網站"
"Description","說明"
"Design","設計"
"Design Section","設計區"
"Details","詳情"
"Developer Section","開發區"
"Direction:","方向："
"Disable","停用"
"Disabled","停用"
"Display %s first","先顯示 %s"
"Display default currency","顯示預設貨幣"
"Distributed under GNU LGPL. See %s for details.","使用 GNU LGPL 發布，詳情請訪問 %s"
"Do you really want to KILL parallel process and start new indexing process?","您真的要終止平行程序並啟動新的索引程序嗎？"
"Do you really want to proceed?","確定要繼續？"
"Download","下載"
"Downloads","下載區"
"Drag to move","視窗可拖曳"
"Drop-down","下拉"
"Edit","編輯"
"Edit Design Change","編輯設計更改"
"Edit Email Template","編輯信件樣板"
"Edit Order","編輯訂單"
"Edit Poll","編輯投票"
"Edit Queue","編輯排程"
"Edit Review","編輯評論"
"Edit Role","編輯角色"
"Edit Store View","編輯商店介面"
"Edit System Template","編輯系統樣板"
"Edit Template","編輯樣板"
"Edit URL Rewrite","編輯替代網址"
"Edit User","編輯使用者"
"Edit User '%s'","編輯使用者'%s'"
"Edit Website","編輯網址"
"Email","電子信箱"
"Email Address:","電子信箱："
"Email Preview","預覽電子信箱"
"Email to a Friend","轉寄給朋友"
"Email:","電子信箱："
"Enable","啟用"
"Enabled","已啟用"
"Enclose Values In:","包括值："
"Entity Attributes","實體屬性集"
"Entity Type","實體類型"
"Entity type:","實體類型："
"Error","錯誤"
"Excel XML","Excel XML"
"Excl. Tax","未稅"
"Exclude media folder from backup","在備份排除 media 資料夾"
"Export","匯出"
"Export CSV","匯出 CSV"
"Export Filters","匯出條件"
"Export to:","匯出到："
"Export:","匯出："
"FTP Host","FTP 主機"
"FTP Host[:Port]","FTP 主機[:連接埠]"
"FTP Login","FTP 帳號"
"FTP Password","FTP 密碼"
"FTP credentials","FTP 登入資訊"
"Failed","錯誤"
"Failed to add a product to cart by id ""%s"".","按序號 ""%s"" 增加產品到購物車失敗"
"Failed to cancel the billing agreement.","取消付款協議失敗"
"Failed to clear the JavaScript/CSS cache.","清除JavaScript/CSS快取失敗"
"Failed to delete the billing agreement.","刪除付款協議失敗"
"Failed to update the profile.","更新設定檔案失敗"
"Field","欄位"
"Field Mapping","欄位對應"
"File","檔案"
"File Information","檔案資訊"
"File System","檔案系統"
"File mode","檔案模式"
"File name:","檔案名稱："
"File size should be more than 0 bytes","檔案要大於0位元組"
"Finished profile execution.","完成運行配置檔案"
"First Invoice Created Date","第一次發票建立時間"
"First Name","姓名"
"First Name is required field.","姓名不能空白"
"First Name:","姓名："
"Fixed","固定"
"Flush Catalog Images Cache","更新目錄圖片快取"
"Flush JavaScript/CSS Cache","更新JavaScript/CSS快取"
"For category","用於分類"
"For latest version visit: %s","最新版本請瀏覽: %s"
"For product","用於產品"
"Forgot Admin Password","忘記管理者密碼"
"Forgot your password?","忘記您的密碼了？"
"Forgot your user name or password?","忘記您的帳號或密碼了？"
"From","開始"
"GLOBAL","全域"
"Gb","Gb"
"General Information","一般資訊"
"General Section","基本區"
"Get Image Base64","取得圖片 Base64"
"Get help for this page","查看本頁的說明"
"Give the verifier code to application administrator","提供確認碼給應用管理員"
"Global Attribute","全域屬性"
"Global Record Search","全站搜尋"
"Global Search","全站搜尋"
"Go Today","今天"
"Go to messages inbox","前往收件匣"
"Go to notifications","前往網站提醒"
"Google Base","Google Base"
"Google Sitemaps","Google 網站地圖"
"Grand Total","金額"
"Grid (default) / List","表格(預設)/清單"
"Grid Only","僅表格"
"Group:","群組："
"Guest","訪客"
"HTTP (unsecure)","HTTP (不安全)"
"HTTPS (SSL)","HTTPS（SSL）"
"Help Us Keep Magento Healthy - Report All Bugs","協助我們改善Magento - 回報所有錯誤"
"Helper attributes should not be used in custom layout updates.","輔助屬性不應該用在自訂版面更新"
"Helper for options rendering doesn't implement required interface.","選項產生輔助沒有實做必要的介面"
"Home","首頁"
"ID","編號"
"ID Path","編號路徑"
"IP Address","IP 地址"
"IPN (Instant Payment Notification) Only","只有IPN(及時付款通知)"
"If there is an account associated with %s you will receive an email with a link to reset your password.","如果有一個帳號使用 %s ，您會收到一封信件，裡面包含能夠重設密碼的連結。"
"If this message persists, please contact the store owner.","如果此問題持續存在，請聯絡網站管理員"
"If you do not specify an option value for a specific store view then the default (Admin) value will be used.","如果沒有指定商店樣板，就會使用預設 (Admin) 樣板"
"Images (.gif, .jpg, .png)","圖片 (.gif, .jpg, .png)"
"Images Cache","圖片快取"
"Import","匯入"
"Import Service","匯入服務"
"Import and Export","匯入和匯出"
"Import and Export Tax Rates","匯入和匯出稅率"
"Import/Export","匯入/匯出"
"Import/Export Advanced","進階匯入/匯出"
"Import/Export Profile","匯入/匯出配置檔案"
"Important: ","重要事項:"
"Imported <strong>%s</strong> records","匯入<strong>%s</strong>個記錄"
"In","貨幣"
"In Database:","在資料庫："
"In File:","在檔案："
"Inactive","停用"
"Incl. Tax","含稅"
"Incoming Message","收到的訊息"
"Insert Variable...","插入變數.."
"Interactive","互動式"
"Interface Locale: %s","介面語言：%s"
"Invalid Form Key. Please refresh the page.","錯誤的表單金鑰. 請更新這個頁面"
"Invalid Import Service Specified","指定的匯入服務有誤"
"Invalid POST data (please check post_max_size and upload_max_filesize settings in your php.ini file).","POST 資料有誤（請檢查 php.ini 中 post_max_size 和 upload_max_filesize 設定）"
"Invalid Secret Key. Please refresh the page.","錯誤金鑰，請更新本頁"
"Invalid User Name or Password.","帳號或密碼有誤"
"Invalid directory: %s","目錄有誤：%s"
"Invalid email address ""%s"".","錯誤電子信箱 ""%s"""
"Invalid email address.","信箱有誤"
"Invalid file: %s","檔案有誤：%s"
"Invalid input data for %s => %s rate","輸入的 %s => %s 比率資料有誤"
"Invalid parent block for this block","此塊的父塊錯誤"
"Invalid parent block for this block.","此塊的父塊錯誤"
"Invalid password reset token.","錯誤的密碼重設權杖"
"Invalid sender name ""%s"". Please use only visible characters and spaces.","失敗的發送者名 ""%s"". 請使用可見符號和空格"
"Invalid timezone","錯誤的時區"
"Invalidated","錯誤的"
"Inventory Stock Status","庫存狀態"
"Invoice #%s comment added","發票%s新增了新備註"
"Invoice #%s created","產生發票%s"
"Invoice History","發票記錄"
"Invoice Totals","發票總計"
"Invoice canceling error.","發票覆核錯誤"
"Invoice capturing error.","發票鎖定錯誤"
"Invoice voiding error.","發票錯誤錯誤"
"Invoices","發票"
"Is Closed","已經關閉"
"Is Default","作為預設"
"Issue Number","發行號碼"
"Items","件數"
"JavaScript seems to be disabled in your browser.","您的瀏覽器似乎關閉了 JavaScript"
"JavaScript/CSS","JavaScript/CSS"
"JavaScript/CSS Cache","JavaScript/CSS快取"
"Kb","Kb"
"Last 24 Hours","最近24小時"
"Last 5 Orders","最近5個訂單"
"Last 5 Search Terms","最近5個搜尋關鍵字"
"Last 7 Days","最近7天"
"Last Credit Memo Created Date","最新的折讓單建立時間"
"Last Invoice Created Date","最新的發票建立時間"
"Last Logged In (%s):","上次登入時間 (%s):"
"Last Logged In:","最近登入："
"Last Name","姓氏"
"Last Name is required field.","姓氏不能空白"
"Last Name:","姓氏："
"Last updated: %s. To refresh last day\'s <a href=""%s"">statistics</a>, click <a href=""%s"">here</a>.","最後更新時間： %s ，要重新整理最近一天的 <a href=""%s"">統計</a> 點選 <a href=""%s"">這裡</a>"
"Latest Message:","最新訊息："
"Layered Navigation Indices","分層導覽索引"
"Layered Navigation Indices were refreshed.","階層導覽索引已經被更新"
"Leave empty to use tax identifier","空白則使用稅率識別符號"
"Lifetime Sales","累計訂單金額"
"Lifetime statistics have been updated.","累計統計已經更新"
"Links","連結"
"Links with associated products will retain only after saving current product.","相關產品的連結在儲存目前產品之後才會保留"
"List (default) / Grid","清單(預設)/表格"
"List Only","僅清單"
"Load Template","載入樣板"
"Load default template","載入預設樣板"
"Loading...","載入中.."
"Local Server","本地伺服器"
"Local/Remote Server","本地/遠端伺服器"
"Locale","語言"
"Log In","登入"
"Log Out","退出"
"Log in to Admin Panel","登入管理面板"
"Log in to use <strong>%s</strong>","登入帳號： <strong>%s</strong>"
"Log into Magento Admin Page","登入 Magento 管理頁面"
"Logged in as %s","登入使用者 %s"
"Login","登入"
"Low Stock","最低庫存"
"MAJOR","重要"
"MINOR","次要"
"MS Excel XML","微軟 Excel XML"
"Magento Admin","Magento 管理"
"Magento Commerce - Administrative Panel","Magento Commerce - 管理面板"
"Magento Connect","Magento 連接"
"Magento Connect Manager","Magento 連接管理器"
"Magento Logo","Magento 標誌"
"Magento is a trademark of Magento Inc. Copyright &copy; %s Magento Inc.","Magento 是 Irubin Consulting Inc. DBA Varien 的註冊商標。版權所有 &copy; %s Irubin Consulting Inc"
"Magento root directory","Magento 根目錄"
"Magento ver. %s","Magento 版本 %s"
"Magento&trade; is a trademark of Magento Inc.<br/>Copyright &copy; %s Magento Inc.","Magento&trade; 是 Irubin Consulting Inc. DBA Varien 的註冊商標。<br/>版權所有 &copy; %s Irubin Consulting Inc"
"Make sure that data encoding in the file is consistent and saved in one of supported encodings (UTF-8 or ANSI).","確認資料編碼在這檔案裡是一致的並且儲存為支援的編碼 (UTF-8 or ANSI)"
"Manage Attribute Sets","管理屬性集合"
"Manage Attributes","管理屬性集合"
"Manage Categories","管理分類"
"Manage Content","管理內容"
"Manage Currency Rates","管理貨幣匯率"
"Manage Customers","管理客戶"
"Manage Options (values of your attribute)","管理選項 (屬性的數值)"
"Manage Ratings","管理評論"
"Manage Stores","管理商店"
"Manage Tax Rules","管理稅務規則"
"Manage Tax Zones and Rates","管理稅區和費率"
"Manage Titles (Size, Color, etc.)","管理標題 (尺寸、顏色等)"
"Manual","手冊"
"Matched Expression","符合的描述"
"Maximum sender name length is 255. Please correct your settings.","寄件人名稱上限為 255 字，請修正您的設定"
"Mb","Mb"
"Media (.avi, .flv, .swf)","多媒體 (.avi, .flv, .swf)"
"Media storages synchronization has completed!","Media儲存同步成功!"
"Messages Inbox","訊息收件匣"
"Month","月份"
"Most Viewed","最受歡迎"
"Most Viewed Products","最多點閱產品"
"Multiple Select","多選"
"My Account","我的帳號"
"My Applications","我的應用"
"N/A","無"
"NOTICE","提醒"
"Name","名稱"
"Name:","姓名:"
"Never (production)","從不（正式環境）"
"New ","新增"
"New API Key","新增 Api 金鑰"
"New Accounts","新增帳號"
"New Attribute","新增屬性"
"New Block","新增區塊"
"New Category","新增分類"
"New Class","新增類別"
"New Condition","新增條件"
"New Custom Variable","新增自訂變數"
"New Customer","新增客戶"
"New Customers","新增客戶"
"New Design Change","新增設計更改"
"New Email Template","新增信件樣板"
"New Group","新增群組"
"New Invoice","新增發票"
"New Item Type","新增項目類型"
"New Memo","新增備忘錄"
"New Memo for #%s","新增備忘錄到 #%s"
"New Page","新增頁面"
"New Password","新的密碼"
"New Poll","新增投票"
"New Profile","新增配置檔案"
"New Rate","新增利率"
"New Rating","新增評分"
"New Review","新增評論"
"New Role","新增角色"
"New Rule","新增規則"
"New Search","新增搜尋"
"New Set","新增集合"
"New Shipment","新增配送"
"New Sitemap","新增網站地圖"
"New Store View","新增商店介面"
"New System Template","新增系統樣板"
"New Tag","新增標籤"
"New Template","新增樣板"
"New User","新增使用者"
"New Variable","新增變數"
"New Website","新增網站"
"New password field cannot be empty.","新密碼欄位不能空白"
"Newsletter","電子報"
"Newsletter Problems","電子報問題"
"Newsletter Queue","電子報排程"
"Newsletter Subscribers","電子報訂閱者"
"Newsletter Templates","電子報樣板"
"Next month (hold for menu)","下一月 （按住彈出選單）"
"Next year (hold for menu)","下一年 （按住彈出選單）"
"No","否"
"No (price without tax)","否(價格未稅)"
"No Data Found","沒有資料"
"No Templates Found","沒有找到樣板"
"No change","不做更改"
"No customer id defined.","沒有客戶編號被定義"
"No information available.","無可用資訊"
"No profile loaded...","沒有載入配置檔案.."
"No records found for this period.","該時間段內沒有找到記錄"
"No records found.","沒有資料"
"No report code specified.","沒有指定報告代碼"
"No search keywords.","沒有搜尋關鍵字"
"No search modules were registered","無搜尋模組被註冊"
"No wishlist item id defined.","無待購清單夾項目ID被定義"
"None","無"
"Note:","說明："
"Notes","備註"
"Notifications","通知"
"Number of Orders","訂單數量"
"Number of Uses","使用次數"
"Number of Views","點閱次數"
"Number of records:","資料數："
"OAuth Consumers","OAuth的消費者"
"OAuth authorization for admin","admin的OAuth授權"
"OAuth authorization simple for admin","簡單的管理OAuth授權"
"OK","確定"
"Old rate:","原有稅率："
"Once you log into your PayPal Advanced account, navigate to the Service Settings - Hosted Checkout Pages - Set Up menu and set the options described below","一旦您登錄到您的PayPal高級帳戶，導航服務設置 - 託管結帳頁面 - 設置選單，並設置以下選項"
"Once you log into your PayPal Payflow Link account, navigate to the Service Settings - Hosted Checkout Pages - Set Up menu and set the options described below","一旦您登錄到您的PayPal Payflow連結帳戶，導航服務設置 - 託管結帳頁面 - 設置選單，並設置以下選項"
"One or more media files failed to be synchronized during the media storages syncronization process. Refer to the log file for details.","一個或者多個檔案沒有同步. 請參考詳細的記錄檔案"
"One or more of the Cache Types are invalidated:","一或多個快取類型發現問題："
"Online Customers","線上客戶"
"Only Once (version upgrade)","只有一次（版本升級）"
"Only attributes with scope ""Global"", input type ""Dropdown"" and Use To Create Configurable Product ""Yes"" are available.","僅""全站""屬性、輸入類型""下拉選單""和用於建立可配置產品""是"" 可用"
"Only mapped fields","僅對應的欄位"
"Optional","選填"
"Options","選項"
"Options is required","選項必填"
"Order","訂單"
"Order #%s","訂單編號 %s"
"Order #%s (%s)","訂單編號 %s (%s)"
"Order Created Date","訂單建立日期"
"Order ID","訂單編號"
"Order Totals","訂單總額"
"Order Updated Date","訂單更新日期"
"Order Updated Date report is real-time, does not need statistics refreshing.","訂單更新日期報表是即時的, 不需要更新狀態"
"Orders","訂單"
"Original Magento attribute names in first row:","第一行使用 Magento 原有屬性名稱："
"Out of stock","已售完"
"PDT (Payment Data Transfer) Only","只能付款網關資料傳輸"
"Package Extensions","外掛軟體包"
"Pages","頁面"
"Parent Product Thumbnail","上層產品縮圖"
"Parent Transaction ID","父交易ID"
"Passive mode","被動模式"
"Password","密碼"
"Password Confirmation","密碼確認"
"Password confirmation must be same as password.","兩次密碼必須相同"
"Password must be at least of %d characters.","密碼至少 %d 個字元"
"Password must include both numeric and alphabetic characters.","密碼必須通知包括數字和英文字母"
"Password:","密碼："
"Path:","路徑："
"Payment method instance is not available.","付款方式實例無法使用"
"Payment method is not available.","付款方式無法使用"
"Payment method must be specified.","必須指定付款方式"
"Pending Reviews","等待的評論"
"Pending Tags","等待中的標籤"
"Per Item","每產品"
"Per Order","每訂單"
"Percent","百分比"
"Performed At","執行時間"
"Period","區間"
"Permanent (301)","永久 (301)"
"Permissions","權限"
"Personal Information","個人資訊"
"Phone:","電話："
"Please Select","請選擇"
"Please confirm site switching. All data that hasn\'t been saved will be lost.","請確認切換網站，所有未儲存的資料將丟失"
"Please enter 6 or more characters.","請輸入6個或更多字元"
"Please enter a number greater than 0 in this field.","請在這個欄位輸入大於0的數字"
"Please enter a valid $ amount. For example $100.00.","請輸入正確的金額，例如 $100.00"
"Please enter a valid URL. For example http://www.example.com or www.example.com","請輸入正確的網址，例如http://www.example.com 或www.example.com"
"Please enter a valid URL. http:// is required","請輸入正確的網址。必須帶http://"
"Please enter a valid credit card number.","請輸入正確的信用卡號碼"
"Please enter a valid date.","請輸入正確的日期"
"Please enter a valid email address. For example johndoe@domain.com.","請輸入正確的電子信箱。例如 johndoe@domain.com"
"Please enter a valid email.","請輸入一個有效的電子信箱"
"Please enter a valid number in this field.","請在這個欄位輸入正確的數字"
"Please enter a valid phone number. For example (123) 456-7890 or 123-456-7890.","請輸入正確的電話號碼。例如 (123) 456-7890 或 123-456-7890"
"Please enter a valid social security number. For example 123-45-6789.","請輸入正確的社會保險號。例如 123-45-6789"
"Please enter a valid value from list","請從列表中輸入一個有效值"
"Please enter a valid value, ex: 10,20,30","請輸入一個有效值, 例如：10, 20, 30"
"Please enter a valid zip code.","請輸入正確的郵遞區號"
"Please enter a valid zip code. For example 90602 or 90602-1234.","請輸入正確的郵遞區號。例如 90602 或 90602-1234"
"Please enter another credit card number to complete your purchase.","請輸入另外一個信用卡號碼來完成您的採購"
"Please enter password","請輸入密碼"
"Please enter password to confirm rollback.","請輸入密碼來確認還原"
"Please enter valid password.","請輸入正確的密碼"
"Please make sure that all global admin search modules are installed and activated.","請確認所有的整站管理員搜尋模塊已安裝並啟用"
"Please make sure that your changes were saved before running the profile.","運行配置檔案前，請確認已儲存編輯"
"Please make sure your passwords match.","請確認密碼一致"
"Please select State/Province.","請選擇縣市"
"Please select a customer.","請選擇客戶"
"Please select a store.","請選擇商店"
"Please select an option.","請選擇選項"
"Please select catalog searches.","請選擇目錄搜尋"
"Please select customer(s).","請選擇一個或多個客戶"
"Please select message(s).","請選擇一條或多條訊息"
"Please select one of the above options.","請在上面選擇"
"Please select one of the options.","請選擇"
"Please select review(s).","請選擇一條或多條評論"
"Please select tag(s).","請選擇一個或多個標籤"
"Please specify backup creation options","請指定備份建立選項"
"Please specify the admin custom URL.","請輸入管理後台自定URL"
"Please try to logout and sign in again.","請嘗試登出然後再登入"
"Please type the letters from the image:","請輸入圖片中的文字："
"Please use in this field only ""a-z,0-9,_"".","這個欄位只能輸入""a-z,0-9,_"""
"Please use letters only (a-z) in this field.","這個欄位只能輸入字母(a-z)"
"Please use numbers only in this field. Please avoid spaces or other characters such as dots or commas.","這個欄位只能輸入數字，不能輸入空格或點、逗號等符號"
"Please use only letters (a-z or A-Z), numbers (0-9) or spaces in this field.","這個欄位只接受字母 (a-z 或 A-Z)、數字 (0-9) 或空白"
"Please use only letters (a-z) or numbers (0-9) only in this field. No spaces or other characters are allowed.","這個欄位只能輸入字母(az)或數字(0-9)，不能輸入空格或其他字元"
"Please use only letters (a-z) or numbers (0-9) or spaces and # only in this field.","這個欄位只能輸入字母(az)、數字(0-9)、空格、或#"
"Please use this date format: dd/mm/yyyy. For example 17/03/2006 for the 17th of March, 2006.","請用該日期格式：dd/mm/yyyy 例如17/03/2006 表示2006年3月17日"
"Please wait while the indexes are being refreshed.","請稍等，正在更新索引"
"Please wait, loading...","請等待，載入中.."
"Please wait...","請等待.."
"Please, add some answers to this poll first.","請先新增一些答案到這個投票"
"Please, select ""Visible in Stores"" for this poll first.","這個投票請先選擇 “在商店顯示”"
"Poll Manager","投票管理"
"Polls","投票區"
"Popular","熱門"
"Position","位置"
"Position of Watermark for %s","%s的浮水印位置"
"Pregenerated product images files.","預覽產品圖片檔案"
"Prev. month (hold for menu)","上一月 （按住彈出選單）"
"Prev. year (hold for menu)","上一年 （按住彈出選單）"
"Preview","預覽"
"Preview Template","預覽樣板"
"Price","價格"
"Price alert subscription was saved.","儲存價格提醒訂閱"
"Price:","價格："
"Processed <strong>%s%% %s/%d</strong> records","處理<strong>%s%% %s/%d</strong>個記錄"
"Product","產品"
"Product Name","產品名稱"
"Product Reviews","產品評論"
"Product Tax Classes","產品稅別"
"Product Thumbnail Itself","產品縮圖"
"Product is not loaded.","產品沒有載入"
"Product:","產品："
"Products","產品"
"Products Bestsellers Report","產品熱賣報表"
"Products Most Viewed Report","產品點閱報表"
"Products Ordered","訂購產品"
"Products in Carts","產品在購物車"
"Profile Action","配置檔案操作"
"Profile Actions XML","配置檔案操作 XML"
"Profile Direction","配置檔案方向"
"Profile History","配置檔案記錄"
"Profile Information","配置檔案資訊"
"Profile Name","配置檔案名稱稱"
"Profile Payments","設定檔案付款"
"Profile Schedule","設定檔案計劃表"
"Profile Wizard","配置檔案精靈"
"Profiles","配置檔案"
"Promo","促銷"
"Promotions","促銷"
"Purchased Item","已購買的產品"
"Put store on the maintenance mode while backup creation","在建立備份時將商店設定為維護模式"
"Put store on the maintenance mode while rollback processing","在還原備份時將商店設定為維護模式"
"Quantity","數量"
"Queue Refresh","排程更新"
"Queued... Cancel","已排隊... 取消"
"REST Roles","REST 角色"
"Radio Buttons","單選按鈕"
"Rates","匯率"
"Read details","閱讀詳情"
"Rebuild","重建"
"Rebuild Catalog Index","重建目錄索引"
"Rebuild Flat Catalog Category","重建平面目錄類別"
"Rebuild Flat Catalog Product","重建平面目錄產品"
"Recent Orders","最近訂單"
"Recent statistics have been updated.","最新的統計資料已經更新"
"Recurring Profile View","週期性產品檢視"
"Recursive Dir","遞歸目錄"
"Redirect","轉向"
"Reference","參考"
"Reference ID","參考ID"
"Refresh","更新"
"Refresh Now*","現在更新*"
"Refresh Statistics","更新統計"
"Region/State","縣市/地區"
"Regular Price:","正常價格:"
"Reject","拒絕"
"Reject token authorization Pop Up for admin","拒絕Token授權彈出的管理"
"Reject token authorization for admin","拒絕Token授權管理"
"Rejection Of Authorization","授權的抑制"
"Release","版本"
"Release Stability","版本穩定性"
"Release Version","版本"
"Reload captcha","重新載入 captcha"
"Remote FTP","遠端FTP"
"Remove","刪除"
"Reports","報表"
"Request Path","請求路徑"
"Required","必須"
"Reset","重置"
"Reset Filter","重置條件"
"Reset Password","重設密碼"
"Reset a Password","重設一個密碼"
"Resize","調整大小"
"Resource Access","資源存取"
"Resources","資源"
"Results","結果"
"Retrieve Password","取回密碼"
"Return Html Version","返回Html版本"
"Revenue","利潤"
"Reviews","評論"
"Reviews and Ratings","評論和評分"
"Rewrite Rules","改寫規則"
"Role ID","角色編號"
"Role Info","角色資訊"
"Role Information","角色資訊"
"Role Name","角色名稱"
"Role Resources","角色資源"
"Role Users","角色使用者"
"Roles","角色"
"Roles Resources","角色資源"
"Rotate CCW","替換 CCW"
"Rotate CW","替換 CW"
"Run","運行"
"Run Profile","運行配置檔案"
"Run Profile Inside This Window","在本視窗中運行配置檔案"
"Run Profile in Popup","在彈出視窗運行"
"Running... Kill","運行中... 終止"
"SKU","產品統一編號"
"SKU:","產品統一編號："
"SSL Error: Invalid or self-signed certificate","SSL 錯誤：證書錯誤或自簽名"
"Sales","銷售額"
"Sales Report","銷售報表"
"Samples","樣本"
"Save","儲存"
"Save & Generate","儲存並產生"
"Save Account","儲存帳號"
"Save Cache Settings","儲存快取設定"
"Save Config","儲存設定"
"Save Currency Rates","儲存貨幣匯率"
"Save Profile","儲存配置檔案"
"Save Role","儲存角色"
"Save Template","儲存樣板"
"Save User","儲存使用者"
"Save and Continue Edit","儲存並繼續編輯"
"Search","搜尋"
"Search Index","搜尋索引"
"Search Term","搜尋關鍵字"
"Search Terms","搜尋關鍵字"
"Select","選擇"
"Select All","全選"
"Select Category","選擇分類"
"Select Date","選擇日期"
"Select Range","選擇區間"
"Select date","選擇日期"
"Selected allowed currency ""%s"" is not available in installed currencies.","選中的允許貨幣 ""%s"" 不在已安裝貨幣列表中"
"Selected base currency is not available in installed currencies.","選中的基礎貨幣不在已安裝貨幣列表中"
"Selected default display currency is not available in allowed currencies.","選中的預設顯示貨幣不在允許貨幣列表中"
"Selected default display currency is not available in installed currencies.","選中的預設顯示貨幣不在已安裝貨幣列表中"
"Self-assigned roles cannot be deleted.","自分配的角色不能被刪除"
"Sender","寄件人"
"Separate Email","單個電子信箱"
"Shipment #%s comment added","配送單%s新增了備註"
"Shipment #%s created","配送單%s已建立"
"Shipment Comments","配送備註"
"Shipment History","配送記錄"
"Shipments","配送"
"Shipping","運費"
"Shipping Address","配送地址"
"Shipping Address: ","配送地址:"
"Shipping Origin","配送地點"
"Shipping Price","配送價格"
"Shipping address selection is not applicable","運輸地址不能被應用"
"Shipping method must be specified.","請指定配送方式"
"Shipping method selection is not applicable","配送方式不能被應用"
"Shopping Cart","購物車"
"Shopping Cart Price Rules","購物車價格規則"
"Shopping Cart from %s","%s的購物車"
"Show By","顯示"
"Show Report For:","顯示報表："
"Show Reviews","查看評論"
"Sitemap Information","網站地圖資訊"
"Size for %s","%s的大小"
"Skip Category Selection","跳過分類選擇"
"Some items in this order have different invoice and shipment types. You can create shipment only after the invoice is created.","此訂單裡的某些產品有不同的發票和運輸類型。運輸只可以在建立發票之後建立"
"Some of the ordered items do not exist in the catalog anymore and will be removed if you try to edit the order.","訂單中的某些產品已經不存在,如果繼續編輯訂單,這些產品將會被刪除"
"Sorry, this feature is coming soon...","對不起，該功能尚未實現.."
"Special Price:","特價:"
"Specific Countries","選擇國家"
"Specified","指定的"
"Specified profile does not exist.","指定的屬性不存在"
"Spreadsheet Name:","試算表名："
"Start Date","開始日期"
"Starting profile execution, please wait...","開始執行配置檔案，請稍候.."
"State/Province:","縣市："
"Static Blocks","靜態區塊"
"Status","狀態"
"Status:","狀態："
"Stock Quantity:","庫存數量："
"Stock notification was saved.","儲存庫存通知"
"Store","商店"
"Store Email Addresses Section","商店信箱"
"Store View","商店介面"
"Store:","商店："
"Stores","商店"
"Subject","主題"
"Submit","送出"
"Subpackage cannot be conflicting.","分包不一致"
"Subtotal","小計"
"Switch/Solo/Maestro Only","只限 Switch/Solo/Maestro"
"Symbol","符號"
"Synchronization is required.","必須同步"
"Synchronization of media storages has been successfully completed.","同步媒體儲存已經完成"
"Synchronize","同步"
"Synchronizing %s to %s","同步 %s 到 %s"
"Synchronizing...","同步中.."
"System","系統"
"System Section","系統區"
"System busy","系統繁忙"
"Tags","標籤"
"Target Path","目標路徑"
"Tax","稅金"
"Tb","Tb"
"Template","樣板"
"Template Content","樣板內容"
"Template Information","樣板資訊"
"Template Name","樣板名稱"
"Template Styles","樣板風格"
"Template Subject","樣板主題"
"Template Type","樣板類型"
"Temporary (302)","暫時 (302)"
"Terms and Conditions","條款和條件"
"Text","純文字"
"The Catalog Rewrites were refreshed.","目錄改寫已經被更新"
"The CatalogInventory Stock Status has been rebuilt.","庫存狀態已被重建"
"The Comment Text field cannot be empty.","評論不能空白"
"The Flat Catalog Product was rebuilt","Flat Catalog Product已被重建"
"The JavaScript/CSS cache has been cleaned.","JavaScript/CSS快取已被清除"
"The JavaScript/CSS cache has been cleared.","JavaScript/CSS快取已被清除"
"The Layered Navigation indexing has been queued.","階層導覽索引已經排隊"
"The Layered Navigation indexing queue has been canceled.","階層導覽索引排隊已被取消"
"The Layered Navigation indices were refreshed.","階層導覽索引已恢復"
"The Layered Navigation process has been queued to be killed.","階層導覽程序已排隊,殺死該程序"
"The Magento cache storage has been flushed.","Magento快取檔案已被啟動"
"The URL Rewrite has been deleted.","連結改寫已被刪除"
"The URL Rewrite has been saved.","連結改寫已被儲存"
"The account has been saved.","該帳號已經儲存"
"The archive can be uncompressed with <a href=""%s"">%s</a> on Windows systems","該檔案在Windows 系統下可以使用<a href=""%s"">%s</a> 解壓"
"The attribute set has been removed.","屬性集合已經被移除"
"The backup's creation process will take time.","備份建立程序需要一點時間"
"The billing agreement has been canceled.","已取消付款協議"
"The billing agreement has been deleted.","付款協議已經刪除"
"The cache storage has been flushed.","快取檔案已經更新"
"The carrier needs to be specified.","需要指定物流"
"The catalog index has been rebuilt.","目錄索引已經重建"
"The catalog rewrites have been refreshed.","目錄改寫已經更新"
"The configuration has been saved.","設定已經被儲存"
"The credit memo has been canceled.","已經取消折讓單"
"The credit memo has been created.","已經儲存折讓單"
"The credit memo has been voided.","折讓單已經被作廢"
"The custom variable has been deleted.","已經刪除自訂變數"
"The custom variable has been saved.","已經儲存自訂變數"
"The customer has been deleted.","已經刪除客戶"
"The customer has been saved.","已經儲存客戶"
"The design change has been deleted.","已經刪除設計更改"
"The design change has been saved.","已經儲存設計更改"
"The email address is empty.","該信件地址空白"
"The email template has been deleted.","該信件樣板已經刪除"
"The email template has been saved.","該信件樣板已經儲存"
"The flat catalog category has been rebuilt.","該flat catalog category已經重建"
"The group node name must be specified with field node name.","該群節點名字必須指定欄位節點名"
"The image cache was cleaned.","圖片快取已經清除"
"The image cache was cleared.","圖片快取已經清除"
"The invoice and shipment have been created.","發票和配送已經建立"
"The invoice and the shipment  have been created. The shipping label cannot be created at the moment.","發票與出貨單已經建立，現在還無法建立配送地址條"
"The invoice has been canceled.","該發票已經取消"
"The invoice has been captured.","該發票已經被取得"
"The invoice has been created.","發票已經建立"
"The invoice has been voided.","發票已經作廢"
"The invoice no longer exists.","發票已經不存在"
"The item %s (SKU %s) does not exist in the catalog anymore.","這個項目 %s (產品統一編號 %s) 已經不在這個分類"
"The order does not allow creating an invoice.","該訂單不允許建立發票"
"The order no longer exists.","訂單已不存在"
"The poll has been deleted.","投票已被刪除"
"The poll has been saved.","投票已被儲存"
"The profile has been deleted.","設定已被刪除"
"The profile has been saved.","設定已被儲存"
"The profile has been updated.","設定已更新"
"The profile has no changes.","設定沒有更改"
"The profile you are trying to save no longer exists","您要儲存的設定已經不存在"
"The rating has been deleted.","評分已經刪除"
"The rating has been saved.","評分已經儲存"
"The role has been deleted.","角色已經刪除"
"The role has been saved.","角色已經儲存"
"The role has been successfully saved.","角色儲存成功"
"The search index has been rebuilt.","搜尋索引已被重建"
"The shipment has been created.","已建立配送"
"The shipment has been sent.","配送已經發送"
"The shipping label has been created.","配送標籤已經建立"
"The tag has been deleted.","標籤已刪除"
"The tag has been saved.","標籤已儲存"
"The transaction details have been updated.","交易細節已經更新"
"The user has been deleted.","會員已刪除"
"The user has been saved.","會員已儲存"
"Themes JavaScript and CSS files combined to one file.","主題的JavaScript和 CSS檔案將合併成一個檔案"
"There is an error in one of the option rows.","選擇的這一行有錯誤"
"This Account is","帳號為"
"This Email template no longer exists.","這個信件樣板不再存在"
"This Role no longer exists","這個角色不再存在"
"This Role no longer exists.","這個角色不再存在"
"This account is","帳號為"
"This account is inactive.","此帳號已停用"
"This action cannot be undone.","這個操作無法還原"
"This attribute set does not have attributes which we can use for configurable product","該屬性集沒有可用於設定產品的屬性"
"This attribute shares the same value in all the stores","該屬性在所有商店中分享相同的值"
"This is a demo store. Any orders placed through this store will not be honored or fulfilled.","這是測試用網站，所有透過這兒建立的訂單並不會被視為正式訂購"
"This is a required field.","這是必填欄位"
"This product is currently disabled.","這個產品目前處於停用狀態"
"This report depends on timezone configuration. Once timezone is changed, the lifetime statistics need to be refreshed.","這個報表依賴於時區設定. 一旦時區被更改,所有的統計就需要更新"
"This section is not allowed.","沒有權限使用這個區域"
"This user no longer exists.","該會員不存在"
"Time","時間"
"Time selection:","時間選擇："
"Time:","時間："
"Timeout limit for response from synchronize process was reached.","超過時限限制從同步程序已達到相應"
"To","結束"
"To cancel pending authorizations and release amounts that have already been processed during this payment, click Cancel.","取消 「等待「 狀態授權和釋放該付款已經處理的金額,點選取消"
"To use PayPal Payflow Link, you must configure your PayPal Payflow Link account on the PayPal website.","使用PayPal Payflow連結，您必須配置您的PayPal貝寶網站上Payflow連結帳戶。"
"To use PayPal Payments Advanced, you must configure  your PayPal Payments Advanced account on the PayPal website.","使用先進的PayPal付款，您必須配置您的PayPal付款高級PayPal網站上的帳戶。"
"Toggle Editor","切換編輯器"
"Tools","工具"
"Top 5 Search Terms","最熱門5個搜尋關鍵字"
"Total","共"
"Total Invoiced","發票總額"
"Total Order Amount","訂單總額"
"Total Refunded","所有退款"
"Total of %d record(s) have been deleted.","成功刪除 %d 筆記錄"
"Total of %d record(s) have been updated.","成功更新 %d 筆記錄"
"Total of %d record(s) were canceled.","共有%d個記錄被取消"
"Total of %d record(s) were deleted","共刪除 %d 筆記錄"
"Total of %d record(s) were deleted.","共刪除 %d 筆記錄"
"Total of %d record(s) were updated","共更新 %d 筆記錄"
"Total of %d record(s) were updated.","共更新 %d 筆記錄"
"Track Order","追蹤訂單"
"Track this shipment","查詢這個配送"
"Tracking number %s for %s assigned","追蹤單號%s已產生，屬於%s"
"Tracking number cannot be empty.","追蹤單號不能空白"
"Transaction Data","交易資料"
"Transaction Details","交易細節"
"Transaction ID","交易ID"
"Transaction Type","交易類型"
"Transactional Emails","交易信箱"
"Transactions","交易"
"Try Magento Go for Free","免費試用 Magento Go"
"Type","類型"
"Type:","類型："
"URL Rewrite","替代網址"
"URL Rewrite Information","替代網址資訊"
"URL Rewrite Management","替代網址管理"
"Unable to cancel the credit memo.","不能取消折讓單"
"Unable to find a Email Template to delete.","找不到要刪除的信件樣板"
"Unable to find a poll to delete.","找不到要刪除的投票"
"Unable to find a tag to delete.","找不到要刪除的標籤"
"Unable to find a user to delete.","找不到要刪除的會員"
"Unable to initialize import model","無法初始化匯入模塊"
"Unable to refresh lifetime statistics.","無法更新全時統計"
"Unable to refresh recent statistics.","無法更新近期統計"
"Unable to save the cron expression.","無法儲存系統排程指令"
"Unable to save the invoice.","無法儲存發票"
"Unable to send the invoice email.","無法透過電子郵件發送發票"
"Unable to send the shipment email.","無法透過電子郵件發送出貨單"
"Unable to update transaction details.","無法更新交易細節"
"Unable to void the credit memo.","無法作廢這個折讓單"
"Unknown","未知"
"Unlimited","無限"
"Update","更新"
"Updated At","更新日期"
"Upload File","上傳檔案"
"Upload Files","上傳檔案"
"Upload HTTP Error","上傳 HTTP 錯誤"
"Upload I/O Error","上傳 I/O 錯誤"
"Upload Security Error","上傳安全錯誤"
"Upload import file","上傳匯入檔案"
"Uploaded file is larger than %.2f kilobytes allowed by server","上傳的文件是比服務器允許的 %.2f 千位元組"
"Use All Available Attributes","使用所有可用屬性"
"Use Config Settings","使用預設設定"
"Use Default","使用預設"
"Use Default Value","使用預設值"
"Use Default Variable Values","使用預設的變數值"
"Use FTP Connection","使用 FTP 連線"
"Use Website","使用網站地址"
"Used Currently For","使用過的"
"Used as Default For","預設使用"
"User Email","使用者信箱"
"User ID","使用者編號"
"User Info","使用者資訊"
"User Information","使用者資訊"
"User Name","帳號"
"User Name is required field.","帳號是必填的欄位"
"User Name:","帳號："
"User Password","帳號密碼"
"User Role","使用者角色"
"User Roles","使用者角色"
"User Roles Information","使用者角色資訊"
"User Type Resources","使用者類型資源"
"User name","帳號"
"Users","使用者"
"VAT Number is Invalid","VAT 編號錯誤"
"VAT Number is Valid","VAT 編號正確"
"Validation Results","驗證結果"
"Value","值"
"Value Delimiter:","值分隔符："
"Variable","變數"
"Variable Code","變數代碼"
"Variable HTML Value","變數的HTML值"
"Variable ID","變數ID"
"Variable Name","變數名"
"Variable Plain Value","變數簡單值"
"Verifier code: %s","驗證碼：%s"
"View Actions XML","查看操作 XML"
"View Full Size","查看原始大小"
"View Memo","查看備忘錄"
"View Memo for #%s","查看備忘錄為 #%s"
"View Shipment","查看貨件"
"View Statistics For:","檢視統計："
"Visibility:","可見性："
"Warning","警告"
"Warning! Empty value can cause problems with CSV format.","警告！空值可能引起 CSV 格式問題"
"Warning!\r\nThis action will remove this user from already assigned role\r\nAre you sure?","警告！\r\n該操作將把會員從指定的角色中刪除\r\n您確認嗎？"
"Warning!\r\nThis action will remove those users from already assigned roles\r\nAre you sure?","警告！\r\n該操作將把這些會員從指定的角色中刪除\r\n您確認嗎？"
"Warning: Please do not close the window during importing/exporting data","警告：匯入/匯出資料時，請不要關閉視窗"
"Watermark File for %s","%s的浮水印檔案"
"We appreciate our merchants\' feedback, please <a href=""#"" onclick=""surveyAction(\'yes\'); return false;"">take our survey</a> to provide insight on the features you would like included in Magento. <a href=""#"" onclick=""surveyAction(\'no\'); return false;"">Remove this notification</a>","我們感謝您填寫反饋訊息, 請 <a href=""#"" onclick=""surveyAction(\'yes\'); return false;"">告訴我們,您們的調查</a> 提供您想瞭解在Magento包含的功能. <a href=""#"" onclick=""surveyAction(\'no\'); return false;"">刪除此通知</a>"
"We\'re in our typing table, coding away more features for Magento. Thank you for your patience.","我們正完善 Magento 的功能，請耐心等候"
"Web Section","Web 區"
"Web Services","Web 服務"
"Web services","Web 服務"
"Website","網站"
"What is this?","這是什麼？"
"Wishlist Report","待購清單報表"
"Wishlist item is not loaded.","待購清單夾裡的項目沒有被載入"
"Wrong account specified.","指定了錯誤的帳號"
"Wrong billing agreement ID specified.","指定的付款協議錯誤"
"Wrong column format.","欄位格式錯誤"
"Wrong newsletter template.","電子報樣板錯誤"
"Wrong quote item.","引用項目錯誤"
"Wrong tab configuration.","標籤(tag)設定錯誤"
"Wrong tag was specified.","指定的標籤錯誤"
"Wrong transaction ID specified.","指定的交易ID錯誤"
"XML","XML"
"XML data is invalid.","XML 資料錯誤"
"XML object is not instance of ""Varien_Simplexml_Element"".","XML 物件沒有實做 ""Varien_Simplexml_Element"""
"YTD","今年"
"Year","年份"
"Yes","是"
"Yes (301 Moved Permanently)","是 (301永久引導)"
"Yes (302 Found)","是 (302暫時引導)"
"Yes (only price with tax)","是 (僅價格含稅)"
"You cannot delete your own account.","您不能刪除自己的帳號"
"You have %s unread message(s).","您有%s條未讀訊息"
"You have %s unread message(s). <a href=""%s"">Go to messages inbox</a>.","您有 %s 封未讀訊息， <a href=""%s"">前往收件匣</a>"
"You have %s, %s and %s unread messages. <a href=""%s"">Go to messages inbox</a>.","您有  %s, %s 與 %s 封未讀訊息， <a href=""%s"">前往收件匣</a>"
"You have logged out.","您已經登出"
"You have not enough permissions to use this functionality.","沒有權限使用該功能"
"You must have JavaScript enabled in your browser to utilize the functionality of this website.","您須開啟瀏覽器的JavaScript來運行此網站的功能"
"You need to specify order items.","您必須指定訂單項目"
"You will need to wait when the action ends.","您必須等待操作完成"
"Your answers contain duplicates.","您的回覆重復了"
"Your password has been updated.","您的密碼已經更新"
"Your password reset link has expired.","您的密碼重設連結已經逾時"
"Your server PHP settings allow you to upload files not more than %s at a time. Please modify post_max_size (currently is %s) and upload_max_filesize (currently is %s) values in php.ini if you want to upload larger files.","您的伺服器上PHP 設定單次檔案上傳不能超過%s，如果您想要上傳更大的檔案，請編輯php.ini 中post_max_size （目前設定：%s）以及upload_max_filesize （目前設定：%s）"
"Your web server is configured incorrectly. As a result, configuration files with sensitive information are accessible from the outside. Please contact your hosting provider.","您的伺服器設定錯誤. 因此,您的敏感檔案在外部是可以訪問的. 請聯絡您的空間商"
"Zip/Postal Code","郵遞區號"
"Zip/Postal Code:","郵遞區號："
"[ deleted ]","[ 刪除 ]"
"[GLOBAL]","[全域]"
"[STORE VIEW]","[商店前台]"
"[WEBSITE]","[網站]"
"b","b"
"close","關閉"
"critical","嚴重"
"example: ""sitemap/"" or ""/"" for base path (path must be writeable)","例：基礎路徑""sitemap/"" 或""/""（路徑必須可寫）"
"example: sitemap.xml","例：sitemap.xml"
"failed","失敗"
"from","來自"
"major","重要"
"minor","次要"
"notice","公告"
"store(%s) scope","商店(%s)範圍"
"successful","成功"
"to","到"
"website(%s) scope","網站(%s)範圍"
"{{base_url}} is not recommended to use in a production environment to declare the Base Unsecure URL / Base Secure URL. It is highly recommended to change this value in your Magento <a href=""%s"">configuration</a>.","{{base_url}}不建議在正式運行環境下公佈基礎不安全網址和基礎安全網址。強烈建議您在Magento <a href=""%s"">設定</a>中編輯此值"
